2026-05-09 21:40:57,04284232-2462-4b71-8713-abb73bcc1977
2026-05-09 21:41:11,04284232-2462-4b71-8713-abb73bcc1977
2026-05-09 21:42:34,04284232-2462-4b71-8713-abb73bcc1977
2026-05-09 21:42:38,ea06894e-7594-4ebf-9de4-8af57a99f8fd
2026-05-09 21:42:50,04284232-2462-4b71-8713-abb73bcc1977
2026-05-09 21:43:49,ea06894e-7594-4ebf-9de4-8af57a99f8fd
2026-05-09 21:45:42,04284232-2462-4b71-8713-abb73bcc1977
2026-05-09 21:52:42,04284232-2462-4b71-8713-abb73bcc1977
2026-05-09 21:55:04,ea06894e-7594-4ebf-9de4-8af57a99f8fd
2026-05-09 21:55:15,ea06894e-7594-4ebf-9de4-8af57a99f8fd
2026-05-09 21:58:08,04284232-2462-4b71-8713-abb73bcc1977
2026-05-09 22:40:24,ea06894e-7594-4ebf-9de4-8af57a99f8fd
2026-05-09 22:41:56,ea06894e-7594-4ebf-9de4-8af57a99f8fd
2026-05-09 22:43:46,04284232-2462-4b71-8713-abb73bcc1977
2026-05-10 04:07:31,ea06894e-7594-4ebf-9de4-8af57a99f8fd
2026-05-10 04:07:59,04284232-2462-4b71-8713-abb73bcc1977
2026-05-10 04:16:17,04284232-2462-4b71-8713-abb73bcc1977
2026-05-10 04:16:59,ea06894e-7594-4ebf-9de4-8af57a99f8fd
2026-05-10 04:17:51,ea06894e-7594-4ebf-9de4-8af57a99f8fd
2026-05-10 04:28:30,04284232-2462-4b71-8713-abb73bcc1977
2026-05-10 04:29:06,04284232-2462-4b71-8713-abb73bcc1977
2026-05-10 04:29:45,ea06894e-7594-4ebf-9de4-8af57a99f8fd
